10_Digit_BBL,GeoBuilding,Latitude,Longitude
3017620041,"{""type"":""Feature"",""geometry"":{""type"":""MultiPolygon"",""coordinates"":[[[[-73.95504023749127,40.69278179995346],[-73.95495903439809,40.692791454119636],[-73.95494577341542,40.69272628510418],[-73.95488058792331,40.6924059263604],[-73.9548679225718,40.69234367973127],[-73.9549255822969,40.692336824210116],[-73.95505455555698,40.69232149028675],[-73.95506732713439,40.692382606793025],[-73.955134654852,40.6927047789995],[-73.95514807165077,40.69276898000251],[-73.95504023749127,40.69278179995346]]]]},""properties"":{""name"":null,""base_bbl"":""3017620041"",""shape_area"":""0.0"",""heightroof"":""58.0"",""mpluto_bbl"":""3017627505"",""cnstrct_yr"":""2006"",""lststatype"":""Constructed"",""feat_code"":""2100"",""groundelev"":""40"",""geomsource"":""Other (Man"",""bin"":""3396747"",""lstmoddate"":""2017-08-10T00:00:00.000"",""doitt_id"":""1098751"",""shape_len"":""0.0""}}",-73.9550079966649,40.6925563294238
1007017501,,,
3021077502,,,
1000130001,"{""type"":""Feature"",""geometry"":{""type"":""MultiPolygon"",""coordinates"":[[[[-74.0144911892529,40.705102984746915],[-74.01451338783326,40.70504741048443],[-74.01453282107086,40.705051905187],[-74.01454131375694,40.70503064393813],[-74.01448658783174,40.70501798424368],[-74.01443709358375,40.70500653505512],[-74.01445647034443,40.7049580265702],[-74.01433118408315,40.70492904486551],[-74.01430753780238,40.70498824293199],[-74.01434701720105,40.70499737550835],[-74.01431700104642,40.705072523329385],[-74.01426260833847,40.70505760410369],[-74.01409467674557,40.705011542013196],[-74.01417721570864,40.70480490230274],[-74.01418528389708,40.70478470193435],[-74.01418900754727,40.70478376044084],[-74.01424221893387,40.70477030292829],[-74.01427929221938,40.70477792836949],[-74.01450029433373,40.704823383778034],[-74.01475889910529,40.70487657294287],[-74.01478682015984,40.70491314093367],[-74.01468354804297,40.705147509573905],[-74.0144911892529,40.705102984746915]]]]},""properties"":{""name"":null,""base_bbl"":""1000130001"",""shape_area"":""0.0"",""heightroof"":""178.64"",""mpluto_bbl"":""1000130001"",""cnstrct_yr"":""1887"",""lststatype"":""Constructed"",""feat_code"":""2100"",""groundelev"":""14"",""geomsource"":""Photogramm"",""bin"":""1000043"",""lstmoddate"":""2020-01-28T00:00:00.000"",""doitt_id"":""50468"",""shape_len"":""0.0""}}",-74.0146113948195,40.7049588877088
1000130005,"{""type"":""Feature"",""geometry"":{""type"":""MultiPolygon"",""coordinates"":[[[[-74.01381510930473,40.705401641464306],[-74.01380285550545,40.705398761297666],[-74.0138010638829,40.70539834007313],[-74.01388066900405,40.70529099223474],[-74.0138869479534,40.705292444902895],[-74.0138984479218,40.705295104526336],[-74.01395302183688,40.705219799855016],[-74.01402034089165,40.7051269084168],[-74.01400982550715,40.70512447561451],[-74.01400214901663,40.70512269983941],[-74.01408551151123,40.70500902800645],[-74.01408750076341,40.70500957347295],[-74.01409467674557,40.705011542013196],[-74.01426260833847,40.70505760410369],[-74.01431700104642,40.705072523329385],[-74.01431974174652,40.70507327491558],[-74.01427135873415,40.70513425545896],[-74.01429121748988,40.70514202260832],[-74.01424980558457,40.70520444759726],[-74.01422096218285,40.7051977747722],[-74.01419463233971,40.70523096277108],[-74.0141862647451,40.70522902680247],[-74.01418270517455,40.70522820327309],[-74.014148747387,40.70527114834241],[-74.01413046074637,40.705316929890934],[-74.01417865109887,40.70532807770019],[-74.01419044101067,40.705330804797114],[-74.01422162236244,40.70525274011098],[-74.01434772097593,40.70528191003941],[-74.01431585971858,40.70536167320861],[-74.01436898242537,40.70537396127264],[-74.0144215143346,40.70524244400634],[-74.0143952056755,40.70523635804083],[-74.01442043674176,40.70517319210603],[-74.01445026471478,40.70518009168646],[-74.0144807739386,40.705103709168405],[-74.0144819199402,40.70510083999458],[-74.0144911892529,40.705102984746915],[-74.01468354804297,40.705147509573905],[-74.01450159182477,40.705560444168256],[-74.01438764231872,40.705534085188724],[-74.0141593790981,40.70548128138718],[-74.0139642813811,40.70543614997418],[-74.01381510930473,40.705401641464306]]]]},""properties"":{""name"":null,""base_bbl"":""1000130005"",""shape_area"":""0.0"",""heightroof"":""317.99"",""mpluto_bbl"":""1000130005"",""cnstrct_yr"":""1898"",""lststatype"":""Constructed"",""feat_code"":""2100"",""groundelev"":""16"",""geomsource"":""Photogramm"",""bin"":""1000044"",""lstmoddate"":""2020-01-28T00:00:00.000"",""doitt_id"":""775767"",""shape_len"":""0.0""}}",-74.0142423294557,40.7053790002279
1000167515,,,
1000200001,"{""type"":""Feature"",""geometry"":{""type"":""MultiPolygon"",""coordinates"":[[[[-74.01321517225465,40.70611851629883],[-74.0133525710786,40.70595581585515],[-74.01335658987189,40.705951057987136],[-74.01350038896635,40.70600060716007],[-74.01362638627484,40.70604402217711],[-74.01375540735751,40.70608847948694],[-74.01386759814807,40.70612713668591],[-74.01395067951049,40.706155763809186],[-74.01394319705325,40.70616570906298],[-74.01379018533858,40.70636907196768],[-74.01376133552826,40.70635650158026],[-74.01358827831403,40.70628109350671],[-74.01341333391959,40.70620486412585],[-74.01323587395717,40.706127537044345],[-74.01321517225465,40.70611851629883]]]]},""properties"":{""name"":null,""base_bbl"":""1000200001"",""shape_area"":""0.0"",""heightroof"":""379.41"",""mpluto_bbl"":""1000200001"",""cnstrct_yr"":""1931"",""lststatype"":""Constructed"",""feat_code"":""2100"",""groundelev"":""23"",""geomsource"":""Photogramm"",""bin"":""1000802"",""lstmoddate"":""2017-08-22T00:00:00.000"",""doitt_id"":""363122"",""shape_len"":""0.0""}}",-74.01362903545,40.706160058609
1000200004,"{""type"":""Feature"",""geometry"":{""type"":""MultiPolygon"",""coordinates"":[[[[-74.01304457862572,40.706320520458455],[-74.01321517225465,40.70611851629883],[-74.01323587395717,40.706127537044345],[-74.01341333391959,40.70620486412585],[-74.01358827831403,40.70628109350671],[-74.01376133552826,40.70635650158026],[-74.01379018533858,40.70636907196768],[-74.013633599994,40.70657718078153],[-74.0135821144968,40.70655474702614],[-74.0134137824291,40.70648139850447],[-74.01324719629538,40.70640880956666],[-74.01308135135197,40.70633654358647],[-74.01304457862572,40.706320520458455]]]]},""properties"":{""name"":null,""base_bbl"":""1000200004"",""shape_area"":""0.0"",""heightroof"":""458.49550018"",""mpluto_bbl"":""1000200004"",""cnstrct_yr"":""1928"",""lststatype"":""Constructed"",""feat_code"":""2100"",""groundelev"":""24"",""geomsource"":""Photogramm"",""bin"":""1000803"",""lstmoddate"":""2017-08-22T00:00:00.000"",""doitt_id"":""275485"",""shape_len"":""0.0""}}",-74.0134243857167,40.7063478487337
1000280012,"{""type"":""Feature"",""geometry"":{""type"":""MultiPolygon"",""coordinates"":[[[[-74.00873480225592,40.70503912130038],[-74.00886750629077,40.7050019551484],[-74.00887391720144,40.70500015993486],[-74.00889348219846,40.70506391914201],[-74.00894729886014,40.70523930399257],[-74.0089535139569,40.70525955781351],[-74.00882614223978,40.70527583358941],[-74.00876139192084,40.705108030922126],[-74.00874490402563,40.70506530020374],[-74.00873480225592,40.70503912130038]]]]},""properties"":{""name"":null,""base_bbl"":""1000280012"",""shape_area"":""0.0"",""heightroof"":""340.89"",""mpluto_bbl"":""1000280012"",""cnstrct_yr"":""1931"",""lststatype"":""Constructed"",""feat_code"":""2100"",""groundelev"":""17"",""geomsource"":""Photogramm"",""bin"":""1000833"",""lstmoddate"":""2017-08-22T00:00:00.000"",""doitt_id"":""313683"",""shape_len"":""0.0""}}",-74.0088441568211,40.7051410144728
1000510013,"{""type"":""Feature"",""geometry"":{""type"":""MultiPolygon"",""coordinates"":[[[[-74.01265769103172,40.70892884483267],[-74.01256291977481,40.70888774328292],[-74.01246701487045,40.708846149198145],[-74.0124204654659,40.708825961170064],[-74.01262136817077,40.708520808341426],[-74.01276130548351,40.70856663703255],[-74.01278929509945,40.70857580383071],[-74.01284554664845,40.70849036157671],[-74.0129522753708,40.708531050917976],[-74.01308922144511,40.70858325966807],[-74.01318678457397,40.70862045494978],[-74.01299522648928,40.70907523031861],[-74.01285670643618,40.709015155671786],[-74.01270969165903,40.708951396904844],[-74.01265769103172,40.70892884483267]]]]},""properties"":{""name"":""American Stock Exchange"",""base_bbl"":""1000510013"",""shape_area"":""0.0"",""heightroof"":""216.72"",""mpluto_bbl"":""1000510013"",""cnstrct_yr"":""1921"",""lststatype"":""Constructed"",""feat_code"":""2100"",""groundelev"":""18"",""geomsource"":""Photogramm"",""bin"":""1001033"",""lstmoddate"":""2017-08-22T00:00:00.000"",""doitt_id"":""704136"",""shape_len"":""0.0""}}",-74.0127836319179,40.7087828112458
1008587502,,,
3053240001,"{""type"":""Feature"",""geometry"":{""type"":""MultiPolygon"",""coordinates"":[[[[-73.97921260566909,40.6468818509116],[-73.9792034363969,40.64683488544621],[-73.97914656345665,40.6468413273582],[-73.97911513225831,40.64668032256642],[-73.97920541486198,40.64667009733645],[-73.97920808489778,40.64668377218323],[-73.97947464080461,40.64665358157555],[-73.97953230924864,40.6466470504915],[-73.9795344953799,40.646658246118896],[-73.97955606752144,40.64676874890247],[-73.97955524344889,40.64676884150932],[-73.9795371611399,40.64677088967307],[-73.97954625745123,40.64681748318527],[-73.97937029231154,40.64683741263411],[-73.97939814519745,40.646980082168824],[-73.97938141421609,40.6469819765615],[-73.97932683250046,40.64698815872371],[-73.97933996922116,40.64705545138002],[-73.97916396201079,40.64707538590828],[-73.97912804992302,40.64689142791314],[-73.97921260566909,40.6468818509116]]]]},""properties"":{""name"":null,""base_bbl"":""3053240001"",""shape_area"":""0.0"",""heightroof"":""68.0"",""mpluto_bbl"":""3053240001"",""cnstrct_yr"":""1960"",""lststatype"":""Constructed"",""feat_code"":""2100"",""groundelev"":""57"",""geomsource"":""Other (Man"",""bin"":""3397265"",""lstmoddate"":""2017-08-22T00:00:00.000"",""doitt_id"":""169119"",""shape_len"":""0.0""}}",-73.9793355676219,40.6468282513444
1000220013,"{""type"":""Feature"",""geometry"":{""type"":""MultiPolygon"",""coordinates"":[[[[-74.01241349572236,40.70560595160188],[-74.01253101759428,40.70535217924168],[-74.01253994024381,40.70535472311543],[-74.01254377556317,40.70535581591847],[-74.0125439920247,40.70535536653964],[-74.01254420730372,40.70535492166351],[-74.0126618697932,40.70511129701016],[-74.0126955004925,40.705092215069115],[-74.01270904830983,40.70509291417206],[-74.012826443016,40.705098967896426],[-74.01284089844162,40.705099712808796],[-74.01324253836252,40.70512042409244],[-74.01324647701492,40.70517706040939],[-74.01325762133766,40.70533731415019],[-74.01325543118622,40.705361913674345],[-74.01324526909886,40.70547605467245],[-74.01324347134434,40.70548049800287],[-74.0131865119749,40.70562130761201],[-74.01316042665839,40.70568579351991],[-74.01312322823497,40.70577774898892],[-74.01312947658302,40.705779890593064],[-74.01309353793967,40.70583385783356],[-74.01307863959252,40.70585623093239],[-74.01305590040852,40.70584767505332],[-74.01293075512046,40.705800586128966],[-74.01280572598279,40.705753540279915],[-74.01268076447568,40.705706520402195],[-74.01255585994798,40.70565952109405],[-74.01243103961778,40.70561255315893],[-74.01241349572236,40.70560595160188]]]]},""properties"":{""name"":null,""base_bbl"":""1000220013"",""shape_area"":""0.0"",""heightroof"":""473.97027824"",""mpluto_bbl"":""1000220013"",""cnstrct_yr"":""1885"",""lststatype"":""Constructed"",""feat_code"":""2100"",""groundelev"":""18"",""geomsource"":""Photogramm"",""bin"":""1000811"",""lstmoddate"":""2020-01-28T00:00:00.000"",""doitt_id"":""119253"",""shape_len"":""0.0""}}",-74.0128355517704,40.7054321106104
1000220024,"{""type"":""Feature"",""geometry"":{""type"":""MultiPolygon"",""coordinates"":[[[[-74.01212966623847,40.70622147150156],[-74.01216831854711,40.70613130552157],[-74.01221844527225,40.70601437601205],[-74.01222422627902,40.70601694545778],[-74.0123243969374,40.706061469567146],[-74.01242649197582,40.70610684886717],[-74.01252777177359,40.706151866159566],[-74.01262800319229,40.70619641701273],[-74.01272639569781,40.70624015031735],[-74.01276123464254,40.706255635255786],[-74.01261309021659,40.70644292282632],[-74.01252806883582,40.706403975990284],[-74.01244166057322,40.70636439348019],[-74.01235494708831,40.706324670458045],[-74.01226763725924,40.70628467547951],[-74.01217982102806,40.70624444725566],[-74.01212966623847,40.70622147150156]]]]},""properties"":{""name"":null,""base_bbl"":""1000220024"",""shape_area"":""0.0"",""heightroof"":""453.39"",""mpluto_bbl"":""1000220024"",""cnstrct_yr"":""1927"",""lststatype"":""Constructed"",""feat_code"":""2100"",""groundelev"":""25"",""geomsource"":""Photogramm"",""bin"":""1000813"",""lstmoddate"":""2017-08-22T00:00:00.000"",""doitt_id"":""815255"",""shape_len"":""0.0""}}",-74.0124229248384,40.706228648819
1000230050,"{""type"":""Feature"",""geometry"":{""type"":""MultiPolygon"",""coordinates"":[[[[-74.01114502379717,40.706656824200884],[-74.01113627840564,40.70665355529068],[-74.0111321364749,40.706652006811886],[-74.01119210175546,40.70655910514937],[-74.01124862663984,40.70647153211633],[-74.01126431232804,40.70644723028388],[-74.01128995430467,40.70640750441528],[-74.0113172051561,40.7063652857672],[-74.01132072345328,40.706359835526555],[-74.01174576874408,40.706543233403345],[-74.01178351994457,40.70655952249655],[-74.01178212993058,40.70656180003198],[-74.0116775284521,40.70673324553358],[-74.011587531782,40.706880751175305],[-74.01133874227911,40.70679271765279],[-74.0113655288335,40.70675418033132],[-74.01114502379717,40.706656824200884]]]]},""properties"":{""name"":""New York Stock Exchange"",""base_bbl"":""1000230050"",""shape_area"":""0.0"",""heightroof"":""347.0"",""mpluto_bbl"":""1000230050"",""cnstrct_yr"":""1956"",""lststatype"":""Constructed"",""feat_code"":""2100"",""groundelev"":""18"",""geomsource"":""Other (Man"",""bin"":""1000816"",""lstmoddate"":""2017-08-22T00:00:00.000"",""doitt_id"":""416984"",""shape_len"":""0.0""}}",-74.0114495238513,40.7066202938906
1000240029,"{""type"":""Feature"",""geometry"":{""type"":""MultiPolygon"",""coordinates"":[[[[-74.01149156132604,40.706074809451124],[-74.01177713250502,40.7061989286883],[-74.01188552772675,40.706246041306926],[-74.01193471775264,40.706267421561215],[-74.01192857611841,40.706279743894825],[-74.01182639304818,40.706484782863015],[-74.01182530003881,40.7064869775214],[-74.01165681389676,40.70641374711437],[-74.01138083124333,40.706293794201024],[-74.01136503855405,40.70628693026274],[-74.01136768608615,40.70628249228133],[-74.01145155754176,40.706141878122565],[-74.011488458362,40.706080011114594],[-74.01149156132604,40.706074809451124]]]]},""properties"":{""name"":null,""base_bbl"":""1000240029"",""shape_area"":""0.0"",""heightroof"":""561.44"",""mpluto_bbl"":""1000240029"",""cnstrct_yr"":""1932"",""lststatype"":""Constructed"",""feat_code"":""2100"",""groundelev"":""16"",""geomsource"":""Photogramm"",""bin"":""1000819"",""lstmoddate"":""2017-08-22T00:00:00.000"",""doitt_id"":""557250"",""shape_len"":""0.0""}}",-74.011648319632,40.7062808946336
1008587503,,,
2023827502,,,
3022977501,,,
1000530038,"{""type"":""Feature"",""geometry"":{""type"":""MultiPolygon"",""coordinates"":[[[[-74.0137950758471,40.70838664159393],[-74.01356692756998,40.70832796799127],[-74.01362308938053,40.70820306766846],[-74.01384757224848,40.708260997779504],[-74.01382746351267,40.70830740353529],[-74.01383184807803,40.70831407399498],[-74.01381933055914,40.708343143097],[-74.01381118930506,40.70834457408573],[-74.0137950758471,40.70838664159393]]]]},""properties"":{""name"":null,""base_bbl"":""1000530038"",""shape_area"":""0.0"",""heightroof"":null,""mpluto_bbl"":""1000530038"",""cnstrct_yr"":""2017"",""lststatype"":""Constructed"",""feat_code"":""2100"",""groundelev"":""10"",""geomsource"":""Other (Man"",""bin"":""1090417"",""lstmoddate"":""2018-05-11T00:00:00.000"",""doitt_id"":""1282710"",""shape_len"":""0.0""}}",-74.0137073589902,40.7082948548691
4027847501,,,
3002657501,,,
1000250027,"{""type"":""Feature"",""geometry"":{""type"":""MultiPolygon"",""coordinates"":[[[[-74.01000007829556,40.7055820951888],[-74.01001115407543,40.70558171691179],[-74.01005119372876,40.705580350048145],[-74.01005872431203,40.70558009274453],[-74.01006711279484,40.705579806549075],[-74.01007728925856,40.70557945896172],[-74.01008897799204,40.70557905991173],[-74.01011189041789,40.705578278058326],[-74.01029917992433,40.70557188403096],[-74.01038546566319,40.70556893790934],[-74.01063039707776,40.70554954644928],[-74.01065055683881,40.70562862660005],[-74.01043549420203,40.705631452291975],[-74.01030436995451,40.70563317417608],[-74.01021535631136,40.70563434376992],[-74.01019530859814,40.70563460669566],[-74.0101945350739,40.70563699311949],[-74.01018578620678,40.70566400743601],[-74.01018318886679,40.70567202581961],[-74.01026695719654,40.705703420112464],[-74.01027085411835,40.70569739804491],[-74.01028318135278,40.705678349326504],[-74.01040159340228,40.705722726696564],[-74.01038307655976,40.70575134031783],[-74.01039945346731,40.70575747762577],[-74.01038572790458,40.7057786868095],[-74.01034503266042,40.705841572285756],[-74.01030207300269,40.70590795733713],[-74.01029083552994,40.70590374574995],[-74.01004482682764,40.70581154880875],[-74.00994312780874,40.70577343448769],[-74.00997042036964,40.70568173755099],[-74.01000007829556,40.7055820951888]]]]},""properties"":{""name"":null,""base_bbl"":""1000250027"",""shape_area"":""0.0"",""heightroof"":""271.8"",""mpluto_bbl"":""1000250027"",""cnstrct_yr"":""1902"",""lststatype"":""Constructed"",""feat_code"":""2100"",""groundelev"":""13"",""geomsource"":""Photogramm"",""bin"":""1000825"",""lstmoddate"":""2017-08-22T00:00:00.000"",""doitt_id"":""454973"",""shape_len"":""0.0""}}",-74.0101770518955,40.7057287779434
1000277502,,,
1013317501,,,
1008587501,,,
1000350010,"{""type"":""Feature"",""geometry"":{""type"":""MultiPolygon"",""coordinates"":[[[[-74.00708534416471,40.70387952613325],[-74.00708976104882,40.703876505545225],[-74.0074962323311,40.704220741781114],[-74.00749395348637,40.70422229981455],[-74.00713420114374,40.70446832262774],[-74.00690982860657,40.704621760972785],[-74.00675722438856,40.70449252231],[-74.00650335672391,40.70427752268411],[-74.00708534416471,40.70387952613325]]]]},""properties"":{""name"":null,""base_bbl"":""1000350010"",""shape_area"":""0.0"",""heightroof"":""344.17"",""mpluto_bbl"":""1000350010"",""cnstrct_yr"":""1968"",""lststatype"":""Constructed"",""feat_code"":""2100"",""groundelev"":""7"",""geomsource"":""Photogramm"",""bin"":""1000868"",""lstmoddate"":""2017-08-22T00:00:00.000"",""doitt_id"":""392443"",""shape_len"":""0.0""}}",-74.0069997945696,40.7042491333032
1000400003,"{""type"":""Feature"",""geometry"":{""type"":""MultiPolygon"",""coordinates"":[[[[-74.00799399769728,40.706298704260405],[-74.00801666942115,40.706271938585616],[-74.00817421503703,40.70608594038967],[-74.00821409911471,40.706038852511675],[-74.00804063485404,40.70595376193033],[-74.0082148155473,40.70577421647318],[-74.00826183679726,40.705800368461944],[-74.00840035289961,40.705877407993924],[-74.00864937476761,40.706015907115145],[-74.00888117308344,40.70614482558437],[-74.0090886731762,40.70626022973081],[-74.00887150864041,40.70651661685007],[-74.00885781844802,40.70653277938123],[-74.00879836642426,40.70660296889302],[-74.00870450700724,40.706713780344174],[-74.00858453848109,40.706643696254595],[-74.00844154201717,40.70656015829028],[-74.00829908791722,40.70647693798874],[-74.00815780930378,40.706394402715965],[-74.00801044593624,40.7063083133741],[-74.00799399769728,40.706298704260405]]]]},""properties"":{""name"":null,""base_bbl"":""1000400003"",""shape_area"":""0.0"",""heightroof"":""709.33"",""mpluto_bbl"":""1000400003"",""cnstrct_yr"":""1987"",""lststatype"":""Constructed"",""feat_code"":""2100"",""groundelev"":""22"",""geomsource"":""Photogramm"",""bin"":""1001004"",""lstmoddate"":""2017-08-22T00:00:00.000"",""doitt_id"":""575097"",""shape_len"":""0.0""}}",-74.0085498585126,40.7062439920191
1000430002,"{""type"":""Feature"",""geometry"":{""type"":""MultiPolygon"",""coordinates"":[[[[-74.00931225013532,40.70707460817849],[-74.00933201453346,40.70705077634817],[-74.00945252677275,40.70690546271678],[-74.00957456354335,40.706758308184526],[-74.009689767218,40.70661939197298],[-74.00983878264066,40.70671098024404],[-74.01008612640047,40.706863002065525],[-74.01009746620693,40.70686997192927],[-74.01009115775172,40.70687728463417],[-74.01001015455576,40.70697118261548],[-74.00993991176915,40.70705260752892],[-74.00986798165279,40.707135988453715],[-74.00985089118396,40.707155799364216],[-74.00994945756773,40.70720969098803],[-74.01005498630798,40.70726738928065],[-74.00993575775261,40.70739073275222],[-74.00990200912055,40.70742564487857],[-74.00990143765105,40.70742623656359],[-74.00982330255339,40.70737960578151],[-74.00963095290125,40.707264811355316],[-74.00931225013532,40.70707460817849]]]]},""properties"":{""name"":""The Trump Building"",""base_bbl"":""1000430002"",""shape_area"":""0.0"",""heightroof"":""807.01"",""mpluto_bbl"":""1000430002"",""cnstrct_yr"":""1930"",""lststatype"":""Constructed"",""feat_code"":""2100"",""groundelev"":""31"",""geomsource"":""Photogramm"",""bin"":""1001018"",""lstmoddate"":""2020-01-28T00:00:00.000"",""doitt_id"":""77845"",""shape_len"":""0.0""}}",-74.0097048582644,40.7069687923234
1000447501,,,
1000480001,"{""type"":""Feature"",""geometry"":{""type"":""MultiPolygon"",""coordinates"":[[[[-74.00961437893814,40.70856918965983],[-74.00985667880514,40.70832345930919],[-74.01042940654203,40.70869787557785],[-74.01034582162399,40.70878264552611],[-74.01024331492162,40.708886603386546],[-74.00960764891944,40.708576014294806],[-74.00961437893814,40.70856918965983]]]]},""properties"":{""name"":null,""base_bbl"":""1000480001"",""shape_area"":""0.0"",""heightroof"":""678.75"",""mpluto_bbl"":""1000480001"",""cnstrct_yr"":""1968"",""lststatype"":""Constructed"",""feat_code"":""2100"",""groundelev"":""35"",""geomsource"":""Photogramm"",""bin"":""1001027"",""lstmoddate"":""2020-01-28T00:00:00.000"",""doitt_id"":""626894"",""shape_len"":""0.0""}}",-74.0099772287666,40.7086050378454
1000510001,"{""type"":""Feature"",""geometry"":{""type"":""MultiPolygon"",""coordinates"":[[[[-74.01284116214556,40.70819484583353],[-74.01290970620192,40.70809181518909],[-74.01306793166955,40.707853982242135],[-74.01307080503587,40.70785488692962],[-74.01320066163373,40.70789579674222],[-74.01332020477928,40.70793345675665],[-74.01345762737425,40.70797674905625],[-74.01345767944534,40.707976765259374],[-74.01345764987481,40.70797683190065],[-74.01330648254128,40.70832459716184],[-74.01325210510804,40.70830943432491],[-74.01313299649733,40.70827622181641],[-74.01301251996307,40.708242627522466],[-74.01287415724592,40.7082040462724],[-74.01284116214556,40.70819484583353]]]]},""properties"":{""name"":null,""base_bbl"":""1000510001"",""shape_area"":""0.0"",""heightroof"":""366.01"",""mpluto_bbl"":""1000510001"",""cnstrct_yr"":""1907"",""lststatype"":""Constructed"",""feat_code"":""2100"",""groundelev"":""18"",""geomsource"":""Photogramm"",""bin"":""1001031"",""lstmoddate"":""2017-08-22T00:00:00.000"",""doitt_id"":""479677"",""shape_len"":""0.0""}}",-74.0131494201992,40.7080802268836
3054240018,"{""type"":""Feature"",""geometry"":{""type"":""MultiPolygon"",""coordinates"":[[[[-73.97088255090372,40.631857674533116],[-73.97063947501971,40.631974383966195],[-73.97052230102918,40.6318327347073],[-73.97076537660224,40.63171602552014],[-73.97088255090372,40.631857674533116]]]]},""properties"":{""name"":null,""base_bbl"":""3054240018"",""shape_area"":""0.0"",""heightroof"":""75.0"",""mpluto_bbl"":""3054240018"",""cnstrct_yr"":""2018"",""lststatype"":""Constructed"",""feat_code"":""2100"",""groundelev"":""45"",""geomsource"":""Other (Man"",""bin"":""3421433"",""lstmoddate"":""2018-09-10T00:00:00.000"",""doitt_id"":""1286614"",""shape_len"":""0.0""}}",-73.9707024259328,40.6318452047613
1000560001,"{""type"":""Feature"",""geometry"":{""type"":""MultiPolygon"",""coordinates"":[[[[-74.01418782338533,40.709711313136275],[-74.01411190871822,40.7099001830275],[-74.01410906297438,40.70990726319332],[-74.01405817348092,40.70989576449161],[-74.0140209119032,40.70998531044042],[-74.01398901597148,40.710064675448265],[-74.01397656013205,40.710095667144],[-74.01397425844374,40.710101392871834],[-74.01378191148689,40.71002068975944],[-74.01383060950158,40.709895888412234],[-74.01393892771877,40.70961829194425],[-74.01396818291654,40.70961021531723],[-74.01418782338533,40.709711313136275]]]]},""properties"":{""name"":null,""base_bbl"":""1000560001"",""shape_area"":""0.0"",""heightroof"":""146.71"",""mpluto_bbl"":""1000560001"",""cnstrct_yr"":""1931"",""lststatype"":""Constructed"",""feat_code"":""2100"",""groundelev"":""6"",""geomsource"":""Photogramm"",""bin"":""1001063"",""lstmoddate"":""2017-08-22T00:00:00.000"",""doitt_id"":""204256"",""shape_len"":""0.0""}}",-74.0139848637903,40.7098463793008
1000640012,"{""type"":""Feature"",""geometry"":{""type"":""MultiPolygon"",""coordinates"":[[[[-74.00981083311547,40.709289790841595],[-74.00979822085449,40.70928324520083],[-74.00980820813865,40.70927210052657],[-74.00975061451156,40.70924221385692],[-74.00972810490286,40.70923053253153],[-74.00976800031611,40.709182770551365],[-74.00980682891642,40.70913944096321],[-74.00995797684105,40.70897077307666],[-74.01038500348417,40.70916493865308],[-74.01037915268927,40.709171467885675],[-74.01031406384925,40.70924410265103],[-74.01017825261474,40.709395657233635],[-74.00986269927206,40.70923191146744],[-74.00981083311547,40.709289790841595]]]]},""properties"":{""name"":null,""base_bbl"":""1000640012"",""shape_area"":""0.0"",""heightroof"":""303.0"",""mpluto_bbl"":""1000640012"",""cnstrct_yr"":""1924"",""lststatype"":""Constructed"",""feat_code"":""2100"",""groundelev"":""32"",""geomsource"":""Other (Man"",""bin"":""1001087"",""lstmoddate"":""2017-08-22T00:00:00.000"",""doitt_id"":""587796"",""shape_len"":""0.0""}}",-74.0100681284817,40.7091832152096
1000640015,"{""type"":""Feature"",""geometry"":{""type"":""MultiPolygon"",""coordinates"":[[[[-74.00962203293307,40.70928217944952],[-74.00948760032483,40.70921241901477],[-74.00943310047518,40.70918413844269],[-74.00932654713604,40.70912884494217],[-74.00941325863225,40.70904087686718],[-74.00944077175097,40.70901296417497],[-74.0095888421743,40.70908980154769],[-74.00969204881993,40.70914335800178],[-74.00976800031611,40.709182770551365],[-74.00972810490286,40.70923053253153],[-74.00975061451156,40.70924221385692],[-74.00968535453822,40.70931503828834],[-74.00962203293307,40.70928217944952]]]]},""properties"":{""name"":null,""base_bbl"":""1000640015"",""shape_area"":""0.0"",""heightroof"":""176.0"",""mpluto_bbl"":""1000640015"",""cnstrct_yr"":""1908"",""lststatype"":""Constructed"",""feat_code"":""2100"",""groundelev"":""30"",""geomsource"":""Other (Man"",""bin"":""1079039"",""lstmoddate"":""2017-08-22T00:00:00.000"",""doitt_id"":""822862"",""shape_len"":""0.0""}}",-74.0095630624701,40.7091640012981
1000650007,"{""type"":""Feature"",""geometry"":{""type"":""MultiPolygon"",""coordinates"":[[[[-74.00891704356468,40.70980074413512],[-74.00899489646018,40.70971292385228],[-74.00906786960837,40.70963060602229],[-74.00899724811914,40.70959214083463],[-74.00891106998434,40.709686984850165],[-74.00885046448492,40.70975368406855],[-74.00878590809965,40.709708053820286],[-74.00882888968034,40.70966114741849],[-74.00894734369719,40.70953187352488],[-74.00895673722118,40.709521622277904],[-74.00908203796442,40.70938487527019],[-74.0090946367548,40.70937112527365],[-74.00911646586539,40.709391539031685],[-74.00912224743384,40.70939694614223],[-74.00915042492612,40.709422409456145],[-74.00917916094733,40.70944750891209],[-74.00920844602953,40.70947223730641],[-74.00922732788666,40.70948765164193],[-74.00923827425508,40.709496588335455],[-74.00926863497257,40.70952055479565],[-74.00920021691144,40.70959329275448],[-74.00913217496374,40.70966563081528],[-74.0090948161666,40.7096452822252],[-74.0090472118496,40.709696362958084],[-74.00908972817868,40.70971896513529],[-74.00907352177067,40.709737151332035],[-74.00897828395046,40.70984402963753],[-74.00891704356468,40.70980074413512]]]]},""properties"":{""name"":null,""base_bbl"":""1000650007"",""shape_area"":""0.0"",""heightroof"":""276.01"",""mpluto_bbl"":""1000650007"",""cnstrct_yr"":""1908"",""lststatype"":""Constructed"",""feat_code"":""2100"",""groundelev"":""28"",""geomsource"":""Photogramm"",""bin"":""1001097"",""lstmoddate"":""2017-08-22T00:00:00.000"",""doitt_id"":""4912"",""shape_len"":""0.0""}}",-74.0090272599955,40.7095265813906
1000750030,"{""type"":""Feature"",""geometry"":{""type"":""MultiPolygon"",""coordinates"":[[[[-74.00538312690168,40.70750749249713],[-74.0054565966258,40.707481663276795],[-74.0054735755262,40.707498514637514],[-74.00557911662038,40.70760326243734],[-74.00567806975981,40.70770147275281],[-74.00577465746025,40.70779733456755],[-74.0058699388982,40.7078918987301],[-74.00587243244917,40.70789437320761],[-74.00587193072504,40.70789459115688],[-74.00552715788577,40.70804417232501],[-74.00550407033334,40.707998671503276],[-74.00544928382915,40.70789070102062],[-74.00543426935168,40.70786111003292],[-74.00547194789729,40.70783812450133],[-74.00540759559645,40.70777703686417],[-74.00537473131696,40.70774583839241],[-74.00536958407557,40.70773548995806],[-74.00533377201005,40.70765879148291],[-74.00528020082677,40.707544059820584],[-74.00528004696515,40.70754373114107],[-74.00538312690168,40.70750749249713]]]]},""properties"":{""name"":null,""base_bbl"":""1000750030"",""shape_area"":""0.0"",""heightroof"":""340.94"",""mpluto_bbl"":""1000750030"",""cnstrct_yr"":""1929"",""lststatype"":""Constructed"",""feat_code"":""2100"",""groundelev"":""13"",""geomsource"":""Photogramm"",""bin"":""1001167"",""lstmoddate"":""2017-08-22T00:00:00.000"",""doitt_id"":""554844"",""shape_len"":""0.0""}}",-74.0055762466726,40.7078116319593
1008627503,,,
1000680011,"{""type"":""Feature"",""geometry"":{""type"":""MultiPolygon"",""coordinates"":[[[[-74.00732246874016,40.70786581773835],[-74.00732802279494,40.70786017568243],[-74.00727456088238,40.707825439153325],[-74.007297459819,40.70780217930124],[-74.00729039119715,40.70779814996158],[-74.00727056403089,40.70778684619828],[-74.00726514211294,40.707799674322345],[-74.00700845565257,40.70769704096673],[-74.00700759531847,40.707696697023856],[-74.00703666634888,40.707659153839295],[-74.00705009320207,40.707641814575126],[-74.0070939173704,40.7075852192563],[-74.00710454207399,40.70759060816059],[-74.00721551340602,40.70764688771063],[-74.00727530323559,40.7076772104628],[-74.00725068511157,40.707702217410905],[-74.00736536684663,40.70775029742753],[-74.00751606315025,40.70768444050741],[-74.00748423033082,40.707647313604426],[-74.00751419735211,40.707624557535155],[-74.00759742003858,40.707561359599225],[-74.00771696177279,40.7077318022078],[-74.00776917529625,40.70780624755719],[-74.00767143084519,40.707884325730014],[-74.00766736875471,40.7078875705424],[-74.00764671369292,40.707860382782556],[-74.00760837783908,40.707809925179085],[-74.0075134702114,40.70785053996446],[-74.00751141363752,40.70785141989811],[-74.00754225193579,40.70789357801368],[-74.00753073106495,40.70790663798089],[-74.00747399910101,40.70796426448724],[-74.00732246874016,40.70786581773835]]]]},""properties"":{""name"":null,""base_bbl"":""1000680011"",""shape_area"":""0.0"",""heightroof"":""168.77"",""mpluto_bbl"":""1000680011"",""cnstrct_yr"":""1925"",""lststatype"":""Constructed"",""feat_code"":""2100"",""groundelev"":""16"",""geomsource"":""Photogramm"",""bin"":""1001112"",""lstmoddate"":""2017-08-22T00:00:00.000"",""doitt_id"":""191059"",""shape_len"":""0.0""}}",-74.0074558543738,40.7077628172625
1000680016,"{""type"":""Feature"",""geometry"":{""type"":""MultiPolygon"",""coordinates"":[[[[-74.00747399910101,40.70796426448724],[-74.00753073106495,40.70790663798089],[-74.00766957645396,40.7079968429224],[-74.00768979985067,40.70794378165466],[-74.00765448318107,40.707897864242646],[-74.00766736875471,40.7078875705424],[-74.00767143084519,40.707884325730014],[-74.00776917529625,40.70780624755719],[-74.00789410385411,40.707970761547735],[-74.00789899543726,40.707977203469014],[-74.0079007769512,40.70798192472677],[-74.00790167924687,40.707986788325584],[-74.00790168574598,40.70799170061349],[-74.00790079525359,40.70799656613641],[-74.00789902669199,40.70800128943882],[-74.00789641200095,40.70800578046735],[-74.00789300442113,40.70800995096818],[-74.00783090786535,40.7080721499125],[-74.00775582413497,40.70814735848249],[-74.00747399910101,40.70796426448724]]]]},""properties"":{""name"":null,""base_bbl"":""1000680016"",""shape_area"":""0.0"",""heightroof"":""218.29"",""mpluto_bbl"":""1000680016"",""cnstrct_yr"":""1907"",""lststatype"":""Constructed"",""feat_code"":""2100"",""groundelev"":""14"",""geomsource"":""Photogramm"",""bin"":""1001113"",""lstmoddate"":""2017-08-22T00:00:00.000"",""doitt_id"":""491490"",""shape_len"":""0.0""}}",-74.0077879482364,40.707976801303
1000690032,"{""type"":""Feature"",""geometry"":{""type"":""MultiPolygon"",""coordinates"":[[[[-74.00616314215134,40.70744989810314],[-74.00599347054171,40.7075873538897],[-74.00594468448503,40.70762687715463],[-74.0058740398531,40.707684108267735],[-74.00584444516622,40.70765475491023],[-74.00574524096476,40.70755636104537],[-74.00564592226162,40.70745785273448],[-74.00560791701487,40.70742015649107],[-74.00572372747007,40.70737516305093],[-74.00594581638873,40.7072888792154],[-74.00607849384262,40.70738718199749],[-74.00616314215134,40.70744989810314]]]]},""properties"":{""name"":null,""base_bbl"":""1000690032"",""shape_area"":""0.0"",""heightroof"":""424.08"",""mpluto_bbl"":""1000690032"",""cnstrct_yr"":""1931"",""lststatype"":""Constructed"",""feat_code"":""2100"",""groundelev"":""9"",""geomsource"":""Photogramm"",""bin"":""1001126"",""lstmoddate"":""2017-08-22T00:00:00.000"",""doitt_id"":""259711"",""shape_len"":""0.0""}}",-74.0058855346877,40.7074935443017
1000700032,"{""type"":""Feature"",""geometry"":{""type"":""MultiPolygon"",""coordinates"":[[[[-74.00550075286948,40.706701876055625],[-74.00591718477132,40.70704264939633],[-74.00565087665693,40.7072311100668],[-74.00562984513724,40.707245993846676],[-74.00535946842115,40.70702473853008],[-74.00521341461732,40.706905219475445],[-74.00550075286948,40.706701876055625]]]]},""properties"":{""name"":null,""base_bbl"":""1000700032"",""shape_area"":""0.0"",""heightroof"":""340.19"",""mpluto_bbl"":""1000700032"",""cnstrct_yr"":""1971"",""lststatype"":""Constructed"",""feat_code"":""2100"",""groundelev"":""7"",""geomsource"":""Photogramm"",""bin"":""1001134"",""lstmoddate"":""2017-08-22T00:00:00.000"",""doitt_id"":""1215258"",""shape_len"":""0.0""}}",-74.0055652993316,40.706973935312
1000717501,,,
1000720027,"{""type"":""Feature"",""geometry"":{""type"":""MultiPolygon"",""coordinates"":[[[[-74.00448107204463,40.705991740097],[-74.00433482910708,40.7058708277284],[-74.0042703406134,40.70581750905751],[-74.00414908548393,40.70571725685458],[-74.00424886832472,40.70565413907037],[-74.0044294062917,40.705803405540294],[-74.00447923472693,40.70576850339178],[-74.00459619119604,40.70586520199997],[-74.00464012924648,40.70590152866815],[-74.00469971532637,40.70595079322929],[-74.0045545404459,40.70605248210954],[-74.00448107204463,40.705991740097]],[[-74.0045735727658,40.70592785868315],[-74.00449970085559,40.70586539041716],[-74.00445724761204,40.70589446417903],[-74.00453111833133,40.705956932472056],[-74.0045735727658,40.70592785868315]]]]},""properties"":{""name"":null,""base_bbl"":""1000720027"",""shape_area"":""0.0"",""heightroof"":""72.44"",""mpluto_bbl"":""1000720027"",""cnstrct_yr"":""1902"",""lststatype"":""Constructed"",""feat_code"":""2100"",""groundelev"":""4"",""geomsource"":""Photogramm"",""bin"":""1001142"",""lstmoddate"":""2020-01-28T00:00:00.000"",""doitt_id"":""395427"",""shape_len"":""0.0""}}",-74.0044477233052,40.705853308925
1000780001,"{""type"":""Feature"",""geometry"":{""type"":""MultiPolygon"",""coordinates"":[[[[-74.00673794902174,40.70934457098138],[-74.00686030726452,40.709413800442555],[-74.00686409076337,40.70941594163212],[-74.0066880236747,40.709596089311624],[-74.00655808941514,40.70952864311259],[-74.00666039923496,40.70942393752821],[-74.00673794902174,40.70934457098138]]]]},""properties"":{""name"":null,""base_bbl"":""1000780001"",""shape_area"":""0.0"",""heightroof"":""201.0"",""mpluto_bbl"":""1000780001"",""cnstrct_yr"":""1905"",""lststatype"":""Constructed"",""feat_code"":""2100"",""groundelev"":""31"",""geomsource"":""Photogramm"",""bin"":""1001192"",""lstmoddate"":""2017-08-22T00:00:00.000"",""doitt_id"":""709987"",""shape_len"":""0.0""}}",-74.0067110902167,40.709472273641
1008637501,,,
1000780004,"{""type"":""Feature"",""geometry"":{""type"":""MultiPolygon"",""coordinates"":[[[[-74.00703001032055,40.70948005970777],[-74.00698994680859,40.709457392684],[-74.00697122175032,40.70947655669319],[-74.00692661616317,40.709451318963495],[-74.00686409076337,40.70941594163212],[-74.00686030726452,40.709413800442555],[-74.00673794902174,40.70934457098138],[-74.0070146000246,40.70906155085944],[-74.00722753231422,40.709182059380986],[-74.00727785864937,40.709210541174585],[-74.0073120899991,40.70917551543035],[-74.00739119087676,40.709220281985246],[-74.00739837326404,40.7092243473311],[-74.0075402057677,40.70930461508235],[-74.00729063477334,40.709559973751155],[-74.00707274954841,40.709436318370734],[-74.00703001032055,40.70948005970777]]]]},""properties"":{""name"":null,""base_bbl"":""1000780004"",""shape_area"":""0.0"",""heightroof"":""335.41"",""mpluto_bbl"":""1000780004"",""cnstrct_yr"":""1912"",""lststatype"":""Constructed"",""feat_code"":""2100"",""groundelev"":""28"",""geomsource"":""Photogramm"",""bin"":""1079063"",""lstmoddate"":""2017-08-22T00:00:00.000"",""doitt_id"":""171017"",""shape_len"":""0.0""}}",-74.007152597991,40.7093107623933
1000787508,,,
1000790010,"{""type"":""Feature"",""geometry"":{""type"":""MultiPolygon"",""coordinates"":[[[[-74.00848781723315,40.710155097014876],[-74.00841540648034,40.71011863344058],[-74.00848999213298,40.71003286690667],[-74.00858029428159,40.70992902860024],[-74.00862184413201,40.70988124978876],[-74.00868857508334,40.709804514935755],[-74.00889496697341,40.70994823332528],[-74.00888916923499,40.709954901156],[-74.00864586194992,40.71023468231201],[-74.00848781723315,40.710155097014876]]]]},""properties"":{""name"":null,""base_bbl"":""1000790010"",""shape_area"":""0.0"",""heightroof"":""173.05"",""mpluto_bbl"":""1000790010"",""cnstrct_yr"":""1920"",""lststatype"":""Constructed"",""feat_code"":""2100"",""groundelev"":""33"",""geomsource"":""Photogramm"",""bin"":""1001216"",""lstmoddate"":""2017-08-22T00:00:00.000"",""doitt_id"":""607105"",""shape_len"":""0.0""}}",-74.0086551870334,40.7100334338616
1001750033,"{""type"":""Feature"",""geometry"":{""type"":""MultiPolygon"",""coordinates"":[[[[-74.0037827072484,40.7178049291599],[-74.0037008354857,40.717767849719955],[-74.00350567702417,40.71767946086629],[-74.00359946804078,40.71756549032601],[-74.00407398621118,40.717780401936096],[-74.00403370157596,40.71782682194284],[-74.00397652309681,40.717892708844154],[-74.00379664725838,40.717811243077044],[-74.0037827072484,40.7178049291599]]]]},""properties"":{""name"":null,""base_bbl"":""1001750033"",""shape_area"":""0.0"",""heightroof"":""92.84"",""mpluto_bbl"":""1001750033"",""cnstrct_yr"":""1920"",""lststatype"":""Constructed"",""feat_code"":""2100"",""groundelev"":""27"",""geomsource"":""Photogramm"",""bin"":""1001939"",""lstmoddate"":""2017-08-22T00:00:00.000"",""doitt_id"":""287431"",""shape_len"":""0.0""}}",-74.0037879942502,40.7177290997413
1000800004,"{""type"":""Feature"",""geometry"":{""type"":""MultiPolygon"",""coordinates"":[[[[-74.009911111309,40.71113365845939],[-74.01002352738867,40.71099194975001],[-74.01020610992104,40.71107581718878],[-74.01024872646452,40.711095393208765],[-74.01031987479844,40.711005704982064],[-74.01032678523379,40.71100887866295],[-74.01037240747667,40.71095136884163],[-74.01052295066508,40.71102051891119],[-74.01029315421805,40.71131019438486],[-74.01014401069315,40.71124168685878],[-74.01015195225891,40.711231675180386],[-74.01012822429182,40.711220775686975],[-74.00994474673762,40.71113649667014],[-74.00993741331268,40.71114574014615],[-74.009911111309,40.71113365845939]]]]},""properties"":{""name"":null,""base_bbl"":""1000800004"",""shape_area"":""0.0"",""heightroof"":""583.0"",""mpluto_bbl"":""1000800004"",""cnstrct_yr"":""1961"",""lststatype"":""Constructed"",""feat_code"":""2100"",""groundelev"":""29"",""geomsource"":""Other (Man"",""bin"":""1075702"",""lstmoddate"":""2017-08-22T00:00:00.000"",""doitt_id"":""1000469"",""shape_len"":""0.0""}}",-74.0101744261449,40.7111307957271
1000880010,"{""type"":""Feature"",""geometry"":{""type"":""MultiPolygon"",""coordinates"":[[[[-74.00966141114525,40.712205181188594],[-74.00980201368735,40.712036154255735],[-74.00992345419498,40.71209464552755],[-74.00995698322166,40.7121107941918],[-74.0099625824406,40.71211349163734],[-74.00982198014255,40.71228251876456],[-74.00982058595736,40.712281847102595],[-74.00975288161344,40.71224923726302],[-74.00966141114525,40.712205181188594]]]]},""properties"":{""name"":null,""base_bbl"":""1000880010"",""shape_area"":""0.0"",""heightroof"":""239.66"",""mpluto_bbl"":""1000880010"",""cnstrct_yr"":""1911"",""lststatype"":""Constructed"",""feat_code"":""2100"",""groundelev"":""28"",""geomsource"":""Photogramm"",""bin"":""1001237"",""lstmoddate"":""2017-08-22T00:00:00.000"",""doitt_id"":""53268"",""shape_len"":""0.0""}}",-74.0098119968965,40.712159336407
1000880018,"{""type"":""Feature"",""geometry"":{""type"":""MultiPolygon"",""coordinates"":[[[[-74.00850617421084,40.711760376842804],[-74.00861045824306,40.71181060768192],[-74.00877551054646,40.71189010761162],[-74.00899103386442,40.71199391806209],[-74.00882469378911,40.71219387942288],[-74.00879904102676,40.71222471667245],[-74.00834797168906,40.712007450737815],[-74.00831418036701,40.71199117465167],[-74.00835069195743,40.71194728472003],[-74.00839519634619,40.711893783943786],[-74.00850617421084,40.711760376842804]]]]},""properties"":{""name"":null,""base_bbl"":""1000880018"",""shape_area"":""0.0"",""heightroof"":""547.39"",""mpluto_bbl"":""1000880018"",""cnstrct_yr"":""1927"",""lststatype"":""Constructed"",""feat_code"":""2100"",""groundelev"":""29"",""geomsource"":""Photogramm"",""bin"":""1001241"",""lstmoddate"":""2017-08-22T00:00:00.000"",""doitt_id"":""770512"",""shape_len"":""0.0""}}",-74.0086526071344,40.7119925468543
1000890001,"{""type"":""Feature"",""geometry"":{""type"":""MultiPolygon"",""coordinates"":[[[[-74.00796227787946,40.71042410726114],[-74.00785442834812,40.710532843252494],[-74.0078204138485,40.71051330808474],[-74.00775853857786,40.710575691559114],[-74.0078655149464,40.71063712975669],[-74.00777116245605,40.71073225802528],[-74.00755249754694,40.71061009937283],[-74.00750653948376,40.71058442431199],[-74.00750387540737,40.71058235961428],[-74.00750184795983,40.710579913058474],[-74.00750176273476,40.71057973566337],[-74.00750054709229,40.710577194500985],[-74.00750003198877,40.71057432820849],[-74.00750032751536,40.710571443852956],[-74.00750141948585,40.710568672909936],[-74.00750325821123,40.710566140553574],[-74.00773679191452,40.71032736094204],[-74.00773898209403,40.710324827657665],[-74.00774181845667,40.71032269775871],[-74.00774517438921,40.71032106310572],[-74.00774890552556,40.71031999755028],[-74.00775284619492,40.71031954522849],[-74.00775649226983,40.71031971337839],[-74.00776229600622,40.71032265765776],[-74.00790615285358,40.71039563517467],[-74.00794818389441,40.71041695727829],[-74.00796227787946,40.71042410726114]]]]},""properties"":{""name"":null,""base_bbl"":""1000890001"",""shape_area"":""0.0"",""heightroof"":""168.03"",""mpluto_bbl"":""1000890001"",""cnstrct_yr"":""1900"",""lststatype"":""Constructed"",""feat_code"":""2100"",""groundelev"":""37"",""geomsource"":""Photogramm"",""bin"":""1001242"",""lstmoddate"":""2017-08-22T00:00:00.000"",""doitt_id"":""59657"",""shape_len"":""0.0""}}",-74.0077311577827,40.7105215327085
1002097501,,,
1002127501,,,
1002127504,,,
1000920024,"{""type"":""Feature"",""geometry"":{""type"":""MultiPolygon"",""coordinates"":[[[[-74.00703303956618,40.71046497713544],[-74.00716395477258,40.71053210755036],[-74.00706873755772,40.71060504851208],[-74.00702056431032,40.7105789879746],[-74.00690992053012,40.71066853066163],[-74.00684177026383,40.71061976846802],[-74.00703303956618,40.71046497713544]]]]},""properties"":{""name"":null,""base_bbl"":""1000920024"",""shape_area"":""0.0"",""heightroof"":""29.79"",""mpluto_bbl"":""1000920024"",""cnstrct_yr"":""1910"",""lststatype"":""Constructed"",""feat_code"":""2100"",""groundelev"":""36"",""geomsource"":""Photogramm"",""bin"":""1079095"",""lstmoddate"":""2017-08-22T00:00:00.000"",""doitt_id"":""824942"",""shape_len"":""0.0""}}",-74.0070130063528,40.7105667513933
1000927501,,,
1000930034,"{""type"":""Feature"",""geometry"":{""type"":""MultiPolygon"",""coordinates"":[[[[-74.00537927806289,40.709641209571956],[-74.00514308049479,40.709834944586134],[-74.00513197021269,40.70982710073119],[-74.00510185009479,40.70980583650417],[-74.0051134939282,40.70979628606902],[-74.00507000671877,40.7097655850719],[-74.00509287666698,40.70974682731986],[-74.0050592796133,40.70972310754194],[-74.00506406257514,40.709719184705904],[-74.00505147655645,40.70971029991734],[-74.00507775917092,40.709688741429275],[-74.00506657081301,40.709680842640154],[-74.00507113130828,40.70967710261732],[-74.00505799854172,40.7096678306338],[-74.00508208372321,40.70964807506409],[-74.00506768466792,40.70963790983067],[-74.00507345095698,40.709633179192586],[-74.00506577390847,40.70962775935519],[-74.00511095280945,40.7095907022325],[-74.00512022988364,40.7095972530375],[-74.0051512740779,40.70957178970486],[-74.0051648269639,40.70958135882765],[-74.00516818520222,40.70957860401387],[-74.00518835003847,40.70959284018517],[-74.0052144325828,40.70957144556762],[-74.00522709078764,40.709580381664345],[-74.00523222280609,40.709576172442944],[-74.0052789976004,40.70960919384558],[-74.00527981171797,40.709608525629086],[-74.0052839604044,40.70960512420882],[-74.00531095498704,40.7096241813806],[-74.00531574976,40.709620247727386],[-74.00532034274605,40.70962349115569],[-74.00533599438639,40.70961065274694],[-74.00537927806289,40.709641209571956]]]]},""properties"":{""name"":null,""base_bbl"":""1000930034"",""shape_area"":""0.0"",""heightroof"":""153.81587032"",""mpluto_bbl"":""1000930034"",""cnstrct_yr"":""1973"",""lststatype"":""Constructed"",""feat_code"":""2100"",""groundelev"":""22"",""geomsource"":""Photogramm"",""bin"":""1001288"",""lstmoddate"":""2017-08-22T00:00:00.000"",""doitt_id"":""157281"",""shape_len"":""0.0""}}",-74.0052153772474,40.7096738727508
1006460049,"{""type"":""Feature"",""geometry"":{""type"":""MultiPolygon"",""coordinates"":[[[[-74.00626677748507,40.74083145902382],[-74.00610108668279,40.74076137424519],[-74.00627031277237,40.74052992400824],[-74.00652154740952,40.740636192414975],[-74.00635232073884,40.74086764301775],[-74.00626677748507,40.74083145902382]]]]},""properties"":{""name"":null,""base_bbl"":""1006460049"",""shape_area"":""0.0"",""heightroof"":""39.81"",""mpluto_bbl"":""1006460049"",""cnstrct_yr"":""1909"",""lststatype"":""Constructed"",""feat_code"":""2100"",""groundelev"":""13"",""geomsource"":""Photogramm"",""bin"":""1012239"",""lstmoddate"":""2020-01-28T00:00:00.000"",""doitt_id"":""830286"",""shape_len"":""0.0""}}",-74.0063113172437,40.7406987836364
1001070028,"{""type"":""Feature"",""geometry"":{""type"":""MultiPolygon"",""coordinates"":[[[[-74.00058947457846,40.70837133223187],[-74.00079542278712,40.70827462870645],[-74.0007967753917,40.70827629734421],[-74.00087498516497,40.70837274872071],[-74.0009305072594,40.708441221348664],[-74.00079856498887,40.7085031748016],[-74.00079402206555,40.70850530814379],[-74.00080856232287,40.708523240820476],[-74.00082409071567,40.70854239097917],[-74.0007424825056,40.708580710082224],[-74.00072651745835,40.708561020509215],[-74.00070543665217,40.70853502198473],[-74.00064338718026,40.708458497815975],[-74.00064830404744,40.70845618887794],[-74.00065254403155,40.70845419782395],[-74.0006534232691,40.708453785384876],[-74.00063398860726,40.70842981839058],[-74.0005898627583,40.708375399838545],[-74.00058736701342,40.70837232190438],[-74.00058947457846,40.70837133223187]]]]},""properties"":{""name"":null,""base_bbl"":""1001070028"",""shape_area"":""0.0"",""heightroof"":""92.39088895"",""mpluto_bbl"":""1001070028"",""cnstrct_yr"":""2010"",""lststatype"":""Constructed"",""feat_code"":""2100"",""groundelev"":""5"",""geomsource"":""Photogramm"",""bin"":""1088490"",""lstmoddate"":""2017-08-22T00:00:00.000"",""doitt_id"":""1257098"",""shape_len"":""0.0""}}",-74.0007589373392,40.7084323721623
1001440040,"{""type"":""Feature"",""geometry"":{""type"":""MultiPolygon"",""coordinates"":[[[[-74.00846553183665,40.71798490993055],[-74.00845256781723,40.717979006239204],[-74.00845248853311,40.71797910710216],[-74.00844995025741,40.71798233291519],[-74.0080925369337,40.717819572503835],[-74.00809250379288,40.71781955719751],[-74.00795293516344,40.717755999022565],[-74.0079511033337,40.71775832786791],[-74.00772785846274,40.71765666378374],[-74.0079087207608,40.71742674138759],[-74.00806101952995,40.71723312926927],[-74.00827864853252,40.71733223656906],[-74.00827633984079,40.71733517239778],[-74.00844025797531,40.71740981818278],[-74.00869444472482,40.71752557153823],[-74.00869718177105,40.717522093561776],[-74.00881444330594,40.717575492091996],[-74.00884954889328,40.71759147885477],[-74.00884257789905,40.71760034040894],[-74.00875878382466,40.71770686904374],[-74.00881825748112,40.71773395184451],[-74.008724575239,40.71785304872679],[-74.00879407770027,40.71788469996673],[-74.00869372708107,40.718012273831],[-74.00866039827912,40.71805464443615],[-74.00865722573936,40.71805867715834],[-74.00864939201429,40.71806863648679],[-74.00846553183665,40.71798490993055]]]]},""properties"":{""name"":null,""base_bbl"":""1001440040"",""shape_area"":""0.0"",""heightroof"":""386.48764143"",""mpluto_bbl"":""1001440040"",""cnstrct_yr"":""1930"",""lststatype"":""Constructed"",""feat_code"":""2100"",""groundelev"":""12"",""geomsource"":""Photogramm"",""bin"":""1001572"",""lstmoddate"":""2017-08-22T00:00:00.000"",""doitt_id"":""659412"",""shape_len"":""0.0""}}",-74.0082676095733,40.7176508895892
1003720031,"{""type"":""Feature"",""geometry"":{""type"":""MultiPolygon"",""coordinates"":[[[[-73.97876785333435,40.72079854970703],[-73.9788909770951,40.72062654168284],[-73.97903628321475,40.72068675019376],[-73.97891315971806,40.720858757471404],[-73.97876785333435,40.72079854970703]]]]},""properties"":{""name"":null,""base_bbl"":""1003720031"",""shape_area"":""0.0"",""heightroof"":""77.6635445"",""mpluto_bbl"":""1003720031"",""cnstrct_yr"":null,""lststatype"":""Constructed"",""feat_code"":""2100"",""groundelev"":""11"",""geomsource"":""Photogramm"",""bin"":""1089954"",""lstmoddate"":""2017-08-22T00:00:00.000"",""doitt_id"":""1268635"",""shape_len"":""0.0""}}",-73.9789020683873,40.720742649613
1001480010,"{""type"":""Feature"",""geometry"":{""type"":""MultiPolygon"",""coordinates"":[[[[-74.00744960779366,40.71727243629618],[-74.00746076920286,40.71725828765997],[-74.00731640527594,40.71719235707586],[-74.00720740224952,40.71714257475001],[-74.00713722666644,40.71711052546589],[-74.0072521969319,40.716964786033095],[-74.0073105504565,40.71689081444334],[-74.00746941729425,40.716963369150065],[-74.00775035795093,40.71709167326663],[-74.00778132995951,40.717105818190674],[-74.00759684577311,40.71733967946661],[-74.00748333994117,40.717287841835535],[-74.00744960779366,40.71727243629618]]]]},""properties"":{""name"":null,""base_bbl"":""1001480010"",""shape_area"":""0.0"",""heightroof"":""109.21"",""mpluto_bbl"":""1001480010"",""cnstrct_yr"":""1891"",""lststatype"":""Constructed"",""feat_code"":""2100"",""groundelev"":""15"",""geomsource"":""Photogramm"",""bin"":""1001621"",""lstmoddate"":""2020-01-28T00:00:00.000"",""doitt_id"":""301028"",""shape_len"":""0.0""}}",-74.0074607581166,40.71711524659
1001480015,"{""type"":""Feature"",""geometry"":{""type"":""MultiPolygon"",""coordinates"":[[[[-74.0073105504565,40.71689081444334],[-74.0072521969319,40.716964786033095],[-74.00713722666644,40.71711052546589],[-74.00712606521326,40.71712467407103],[-74.00720034309343,40.71715859706683],[-74.00722919285685,40.71717177242265],[-74.00719246136956,40.717218333795],[-74.00727406457726,40.71725560167976],[-74.00733983626571,40.717285639421185],[-74.00737656650358,40.71723907800233],[-74.00744960779366,40.71727243629618],[-74.00748333994117,40.717287841835535],[-74.00759684577311,40.71733967946661],[-74.00752113469755,40.71743565269299],[-74.00744884686569,40.71752728698958],[-74.00736739117598,40.717490086758815],[-74.00728535798733,40.71745262175689],[-74.00717567636492,40.71740253057064],[-74.00708323259995,40.71736031137965],[-74.00698925621482,40.71731739251089],[-74.00686071115562,40.71725868518664],[-74.00644670237335,40.71706960380139],[-74.00667393537542,40.716781559997884],[-74.00677918952118,40.716648137870926],[-74.00696855935561,40.71673462506395],[-74.00723267475156,40.71685524831263],[-74.0073105504565,40.71689081444334]],[[-74.00682627569387,40.71705389503538],[-74.00697415402932,40.717121132662506],[-74.00704247659093,40.71703413742906],[-74.0070493483616,40.717025388553054],[-74.00704034845049,40.71702129628545],[-74.00670214480809,40.716867521954356],[-74.00669966286111,40.71686639375964],[-74.0066618791802,40.71691450210218],[-74.00677593525893,40.71696636122502],[-74.00686319894308,40.71700603883392],[-74.00682614780425,40.71705321605838],[-74.00682578806116,40.71705367353882],[-74.00682627569387,40.71705389503538]]]]},""properties"":{""name"":null,""base_bbl"":""1001480015"",""shape_area"":""0.0"",""heightroof"":""268.52"",""mpluto_bbl"":""1001487501"",""cnstrct_yr"":""1929"",""lststatype"":""Constructed"",""feat_code"":""2100"",""groundelev"":""18"",""geomsource"":""Photogramm"",""bin"":""1001622"",""lstmoddate"":""2017-08-22T00:00:00.000"",""doitt_id"":""67413"",""shape_len"":""0.0""}}",-74.0066935579277,40.7170877381435
1001500031,"{""type"":""Feature"",""geometry"":{""type"":""MultiPolygon"",""coordinates"":[[[[-74.00583687703221,40.7149592987795],[-74.00616206769887,40.71506695765298],[-74.00617072998503,40.715096464210504],[-74.00622192807155,40.71512754436923],[-74.00612347138372,40.71525445946554],[-74.00610039846465,40.71528420094342],[-74.00610477044954,40.71528616382408],[-74.00600601628274,40.715413461549886],[-74.00577074107265,40.71530778969722],[-74.00557322361828,40.71521907485104],[-74.00580562091709,40.7149417386075],[-74.00582608314302,40.71495323438918],[-74.00583687703221,40.7149592987795]]]]},""properties"":{""name"":null,""base_bbl"":""1001500031"",""shape_area"":""0.0"",""heightroof"":""234.53"",""mpluto_bbl"":""1001500031"",""cnstrct_yr"":""1910"",""lststatype"":""Constructed"",""feat_code"":""2100"",""groundelev"":""31"",""geomsource"":""Photogramm"",""bin"":""1001648"",""lstmoddate"":""2017-08-22T00:00:00.000"",""doitt_id"":""649858"",""shape_len"":""0.0""}}",-74.0058955366483,40.715177600653
1001507504,,,
1001627501,,,
1001707501,,,
1001717501,,,
1001717503,,,
1001750029,"{""type"":""Feature"",""geometry"":{""type"":""MultiPolygon"",""coordinates"":[[[[-74.00331184060879,40.71791499859459],[-74.00340784299027,40.717798341929125],[-74.003874858381,40.71800985515001],[-74.00386065570707,40.71802621969416],[-74.00377509513021,40.7181248094607],[-74.00335070286012,40.71793259973852],[-74.00331184060879,40.71791499859459]]]]},""properties"":{""name"":null,""base_bbl"":""1001750029"",""shape_area"":""0.0"",""heightroof"":""72.86"",""mpluto_bbl"":""1001750029"",""cnstrct_yr"":""1915"",""lststatype"":""Constructed"",""feat_code"":""2100"",""groundelev"":""26"",""geomsource"":""Photogramm"",""bin"":""1001936"",""lstmoddate"":""2017-08-22T00:00:00.000"",""doitt_id"":""333080"",""shape_len"":""0.0""}}",-74.0035914692307,40.7179615758431
1001790056,"{""type"":""Feature"",""geometry"":{""type"":""MultiPolygon"",""coordinates"":[[[[-74.00823771712693,40.719158009893256],[-74.00827520965606,40.71908977827622],[-74.00828321412276,40.719061848388016],[-74.00832392334769,40.71906860197729],[-74.00832976756226,40.71904820860876],[-74.0082783758595,40.71902462255976],[-74.00823661768675,40.71900545910326],[-74.00830874752394,40.718914475410216],[-74.00832176498136,40.718920450253435],[-74.00857265390634,40.71903559174641],[-74.00854801990518,40.719187197109804],[-74.00823771712693,40.719158009893256]]]]},""properties"":{""name"":""Franklin - Hudson Building"",""base_bbl"":""1001790056"",""shape_area"":""0.0"",""heightroof"":""141.66"",""mpluto_bbl"":""1001790056"",""cnstrct_yr"":""1910"",""lststatype"":""Constructed"",""feat_code"":""2100"",""groundelev"":""14"",""geomsource"":""Photogramm"",""bin"":""1002012"",""lstmoddate"":""2020-01-28T00:00:00.000"",""doitt_id"":""522379"",""shape_len"":""0.0""}}",-74.0084046415051,40.7190660956277
1001890030,"{""type"":""Feature"",""geometry"":{""type"":""MultiPolygon"",""coordinates"":[[[[-74.00717452552513,40.719729213182184],[-74.00720319454457,40.71956008665282],[-74.00720969408138,40.71952174434067],[-74.00721621490132,40.71948327775619],[-74.00731198627477,40.71949267573729],[-74.0073054595954,40.71953117924839],[-74.00734920457727,40.71953547189597],[-74.00735574305952,40.719496896340864],[-74.00740840863389,40.71950206459171],[-74.00747834851026,40.719508927357595],[-74.00747510532626,40.719528062500615],[-74.0074366754613,40.719754770124155],[-74.00722641957142,40.71973427260253],[-74.00717452552513,40.719729213182184]]]]},""properties"":{""name"":null,""base_bbl"":""1001890030"",""shape_area"":""0.0"",""heightroof"":""134.62494999"",""mpluto_bbl"":""1001890030"",""cnstrct_yr"":""1895"",""lststatype"":""Constructed"",""feat_code"":""2100"",""groundelev"":""11"",""geomsource"":""Photogramm"",""bin"":""1002147"",""lstmoddate"":""2020-01-28T00:00:00.000"",""doitt_id"":""812203"",""shape_len"":""0.0""}}",-74.007326439419,40.7196386307021
1001920001,"{""type"":""Feature"",""geometry"":{""type"":""MultiPolygon"",""coordinates"":[[[[-74.0044618639071,40.71961589504209],[-74.00447468439532,40.71959992940685],[-74.00498519493225,40.7198372467848],[-74.00498595729744,40.71985503001818],[-74.00498821712736,40.719907763770436],[-74.00500703099642,40.72034671010663],[-74.0048878397839,40.72039279070658],[-74.0048817800318,40.72039513318937],[-74.00445499663076,40.72019673759342],[-74.00441403300994,40.720177695192106],[-74.00441399986885,40.720177680785206],[-74.0041615809656,40.72006033846235],[-74.00412034765019,40.72004117079508],[-74.00440158871287,40.71969095395053],[-74.0044618639071,40.71961589504209]]]]},""properties"":{""name"":""AT&T Telephone Building"",""base_bbl"":""1001920001"",""shape_area"":""0.0"",""heightroof"":""462.89"",""mpluto_bbl"":""1001920001"",""cnstrct_yr"":""1914"",""lststatype"":""Constructed"",""feat_code"":""2100"",""groundelev"":""11"",""geomsource"":""Photogramm"",""bin"":""1002192"",""lstmoddate"":""2020-01-28T00:00:00.000"",""doitt_id"":""731108"",""shape_len"":""0.0""}}",-74.0045737201617,40.7199975356879
1001950002,"{""type"":""Feature"",""geometry"":{""type"":""MultiPolygon"",""coordinates"":[[[[-74.00220162276422,40.717932017801715],[-74.002261543897,40.71786025770188],[-74.0022792251689,40.717839083662035],[-74.00262478210321,40.7180061281062],[-74.00281487614173,40.718098020656356],[-74.00274717163676,40.718179102406324],[-74.00273727418251,40.7181909560544],[-74.00227302188229,40.7179665329613],[-74.00220162276422,40.717932017801715]]]]},""properties"":{""name"":null,""base_bbl"":""1001950002"",""shape_area"":""0.0"",""heightroof"":""96.74"",""mpluto_bbl"":""1001950002"",""cnstrct_yr"":""1882"",""lststatype"":""Constructed"",""feat_code"":""2100"",""groundelev"":""21"",""geomsource"":""Photogramm"",""bin"":""1002318"",""lstmoddate"":""2020-01-28T00:00:00.000"",""doitt_id"":""52411"",""shape_len"":""0.0""}}",-74.0025082501206,40.7180150200881
1001950030,"{""type"":""Feature"",""geometry"":{""type"":""MultiPolygon"",""coordinates"":[[[[-74.00191804591555,40.71795072196489],[-74.00189581407902,40.717939956736465],[-74.00197185944859,40.71784903456895],[-74.0021303912753,40.71765948699846],[-74.00223026628156,40.71770784519554],[-74.00226625568962,40.71772527116217],[-74.00223671829637,40.717760587040225],[-74.00203168001705,40.71800574117449],[-74.00200309482872,40.717991900837255],[-74.00191804591555,40.71795072196489]]]]},""properties"":{""name"":null,""base_bbl"":""1001950030"",""shape_area"":""0.0"",""heightroof"":""87.51"",""mpluto_bbl"":""1001950030"",""cnstrct_yr"":""1868"",""lststatype"":""Constructed"",""feat_code"":""2100"",""groundelev"":""18"",""geomsource"":""Photogramm"",""bin"":""1002333"",""lstmoddate"":""2020-01-28T00:00:00.000"",""doitt_id"":""190151"",""shape_len"":""0.0""}}",-74.0020810351826,40.7178326146399
1002027501,,,
1002040001,"{""type"":""Feature"",""geometry"":{""type"":""MultiPolygon"",""coordinates"":[[[[-73.99708340242022,40.71717789681152],[-73.99706625582715,40.7171717612008],[-73.99710633860285,40.71710691558489],[-73.99713375561657,40.71711672732791],[-73.99716877248187,40.71706007620524],[-73.99714445507625,40.7170513748763],[-73.99715790907058,40.71702960898015],[-73.99718318721668,40.71698871473706],[-73.9971838583175,40.716987628738316],[-73.99735721881227,40.71704966628632],[-73.9974251069178,40.717073959083976],[-73.99742518976306,40.717073988802625],[-73.99748972860066,40.71709708380877],[-73.997377034906,40.717279401264676],[-73.99737522755036,40.71728232517961],[-73.99708340242022,40.71717789681152]]]]},""properties"":{""name"":null,""base_bbl"":""1002040001"",""shape_area"":""0.0"",""heightroof"":""84.05"",""mpluto_bbl"":""1002040001"",""cnstrct_yr"":""1920"",""lststatype"":""Constructed"",""feat_code"":""2100"",""groundelev"":""39"",""geomsource"":""Photogramm"",""bin"":""1002615"",""lstmoddate"":""2017-08-22T00:00:00.000"",""doitt_id"":""639784"",""shape_len"":""0.0""}}",-73.9972776497791,40.7171349769554
1002070017,"{""type"":""Feature"",""geometry"":{""type"":""MultiPolygon"",""coordinates"":[[[[-73.99918117034699,40.717909627650705],[-73.99924773799573,40.717932918894824],[-73.99941072566864,40.71798994553856],[-73.99945940910723,40.718006978923405],[-73.99942222185791,40.71806850878712],[-73.99934597002871,40.7181946716237],[-73.99931817824648,40.71818494775609],[-73.99913944326569,40.71812241064584],[-73.99906773183407,40.71809732007931],[-73.99918117034699,40.717909627650705]]]]},""properties"":{""name"":null,""base_bbl"":""1002070017"",""shape_area"":""0.0"",""heightroof"":""78.44"",""mpluto_bbl"":""1002070017"",""cnstrct_yr"":""1900"",""lststatype"":""Constructed"",""feat_code"":""2100"",""groundelev"":""21"",""geomsource"":""Photogramm"",""bin"":""1002669"",""lstmoddate"":""2017-08-22T00:00:00.000"",""doitt_id"":""667076"",""shape_len"":""0.0""}}",-73.9992635706588,40.7180521496681
1002460001,"{""type"":""Feature"",""geometry"":{""type"":""MultiPolygon"",""coordinates"":[[[[-73.98725547459492,40.71075865007804],[-73.9877183770359,40.71071015385607],[-73.98809610984235,40.71067057826334],[-73.98811219895904,40.710759499968376],[-73.9881245853272,40.710827952677135],[-73.98786561144304,40.710855085076524],[-73.98728394813267,40.71091602469796],[-73.98725547459492,40.71075865007804]]]]},""properties"":{""name"":""Lands End Housing"",""base_bbl"":""1002460001"",""shape_area"":""0.0"",""heightroof"":""171.57"",""mpluto_bbl"":""1002460001"",""cnstrct_yr"":""1978"",""lststatype"":""Constructed"",""feat_code"":""2100"",""groundelev"":""8"",""geomsource"":""Photogramm"",""bin"":""1003144"",""lstmoddate"":""2017-08-22T00:00:00.000"",""doitt_id"":""543192"",""shape_len"":""0.0""}}",-73.9876900296216,40.7107933021979
1002090034,"{""type"":""Feature"",""geometry"":{""type"":""MultiPolygon"",""coordinates"":[[[[-74.00075023375844,40.71953209296911],[-74.00092557687266,40.719315344389535],[-74.00093315507425,40.71930597632487],[-74.00094210617864,40.719294912588516],[-74.00096584735665,40.71930603098637],[-74.00099598514878,40.71928140448792],[-74.00121509773206,40.71910235941981],[-74.0012766032338,40.71914593262374],[-74.00107551249928,40.71931013813984],[-74.0010572859174,40.71932502193469],[-74.00104027087231,40.71931295976093],[-74.0010062450786,40.71933700817759],[-74.00097753243138,40.71937250111815],[-74.00091833291599,40.71944568063332],[-74.00082144918862,40.719565442862546],[-74.00075023375844,40.71953209296911]]]]},""properties"":{""name"":null,""base_bbl"":""1002090034"",""shape_area"":""0.0"",""heightroof"":""75.0"",""mpluto_bbl"":""1002090034"",""cnstrct_yr"":""1858"",""lststatype"":""Constructed"",""feat_code"":""2100"",""groundelev"":""14"",""geomsource"":""Other (Man"",""bin"":""1002695"",""lstmoddate"":""2020-01-28T00:00:00.000"",""doitt_id"":""383806"",""shape_len"":""0.0""}}",-74.0009606025242,40.7193339018086
1002140001,"{""type"":""Feature"",""geometry"":{""type"":""MultiPolygon"",""coordinates"":[[[[-74.0092866038463,40.72104964252693],[-74.00933045435006,40.72077666930308],[-74.00933666233776,40.72077724692703],[-74.00951303788156,40.72079364697843],[-74.00950174938959,40.720863926383316],[-74.00948032531159,40.720997296324626],[-74.00946918929819,40.72106662117161],[-74.0093781368328,40.72105815482892],[-74.0092866038463,40.72104964252693]]]]},""properties"":{""name"":null,""base_bbl"":""1002140001"",""shape_area"":""0.0"",""heightroof"":""67.31"",""mpluto_bbl"":""1002140001"",""cnstrct_yr"":""1885"",""lststatype"":""Constructed"",""feat_code"":""2100"",""groundelev"":""13"",""geomsource"":""Photogramm"",""bin"":""1002795"",""lstmoddate"":""2020-01-28T00:00:00.000"",""doitt_id"":""448634"",""shape_len"":""0.0""}}",-74.0093998210815,40.7209216454002
1002177501,,,
1002177503,,,
1002180002,"{""type"":""Feature"",""geometry"":{""type"":""MultiPolygon"",""coordinates"":[[[[-74.01026180546776,40.72243311786624],[-74.01028931145818,40.72227952722274],[-74.01029147087218,40.72226746830766],[-74.01029551060502,40.72226788668338],[-74.0104381961827,40.722282678211364],[-74.01040853113616,40.722448327807385],[-74.01026180546776,40.72243311786624]]]]},""properties"":{""name"":null,""base_bbl"":""1002180002"",""shape_area"":""0.0"",""heightroof"":""116.92229984"",""mpluto_bbl"":""1002180002"",""cnstrct_yr"":""1900"",""lststatype"":""Constructed"",""feat_code"":""2100"",""groundelev"":""9"",""geomsource"":""Photogramm"",""bin"":""1002822"",""lstmoddate"":""2020-01-28T00:00:00.000"",""doitt_id"":""52801"",""shape_len"":""0.0""}}",-74.0103500009247,40.7223578979507
1002180024,"{""type"":""Feature"",""geometry"":{""type"":""MultiPolygon"",""coordinates"":[[[[-74.01099578602586,40.722817715310114],[-74.01102094173696,40.72268289944463],[-74.01103524840202,40.72268444514944],[-74.01107088664239,40.722688294107385],[-74.01108286011974,40.722624124456296],[-74.01139384386254,40.72265771191874],[-74.01135671568295,40.722856697545524],[-74.01103481073837,40.72282193046302],[-74.01099578602586,40.722817715310114]]]]},""properties"":{""name"":null,""base_bbl"":""1002180024"",""shape_area"":""0.0"",""heightroof"":""107.9"",""mpluto_bbl"":""1002180024"",""cnstrct_yr"":""1910"",""lststatype"":""Constructed"",""feat_code"":""2100"",""groundelev"":""7"",""geomsource"":""Photogramm"",""bin"":""1002831"",""lstmoddate"":""2017-08-22T00:00:00.000"",""doitt_id"":""3343"",""shape_len"":""0.0""}}",-74.0111943114423,40.722740413563
1002187501,,,
1002200031,"{""type"":""Feature"",""geometry"":{""type"":""MultiPolygon"",""coordinates"":[[[[-74.00756761006707,40.72248649254718],[-74.00760030548703,40.72229275389342],[-74.0076021648689,40.7222817333361],[-74.00788017259114,40.7223088902183],[-74.0080163263633,40.7223221894482],[-74.0079817716294,40.72252694968304],[-74.00756761006707,40.72248649254718]]]]},""properties"":{""name"":null,""base_bbl"":""1002200031"",""shape_area"":""0.0"",""heightroof"":""76.22"",""mpluto_bbl"":""1002200031"",""cnstrct_yr"":""1901"",""lststatype"":""Constructed"",""feat_code"":""2100"",""groundelev"":""12"",""geomsource"":""Photogramm"",""bin"":""1002850"",""lstmoddate"":""2020-01-28T00:00:00.000"",""doitt_id"":""490000"",""shape_len"":""0.0""}}",-74.0077919682984,40.722404341667
1002210035,"{""type"":""Feature"",""geometry"":{""type"":""MultiPolygon"",""coordinates"":[[[[-74.00707186649404,40.72277458891761],[-74.0071580990559,40.722707011165106],[-74.00717112591315,40.72262941796206],[-74.00744198457384,40.72265573797198],[-74.00741915586453,40.72279171996563],[-74.00726656253784,40.72291419356952],[-74.00707186649404,40.72277458891761]]]]},""properties"":{""name"":null,""base_bbl"":""1002210035"",""shape_area"":""0.0"",""heightroof"":""87.93"",""mpluto_bbl"":""1002210035"",""cnstrct_yr"":""1883"",""lststatype"":""Constructed"",""feat_code"":""2100"",""groundelev"":""10"",""geomsource"":""Photogramm"",""bin"":""1002855"",""lstmoddate"":""2020-01-28T00:00:00.000"",""doitt_id"":""838161"",""shape_len"":""0.0""}}",-74.0072569319452,40.7227725265994
1002230013,"{""type"":""Feature"",""geometry"":{""type"":""MultiPolygon"",""coordinates"":[[[[-74.0107242931501,40.723460131867135],[-74.01045142062505,40.72342952163324],[-74.01050839696155,40.72313553076889],[-74.01078166464734,40.72316504581249],[-74.0107242931501,40.723460131867135]]]]},""properties"":{""name"":null,""base_bbl"":""1002230013"",""shape_area"":""0.0"",""heightroof"":""106.0"",""mpluto_bbl"":""1002230013"",""cnstrct_yr"":null,""lststatype"":""Constructed"",""feat_code"":""2100"",""groundelev"":""8"",""geomsource"":""Other (Man"",""bin"":""1090674"",""lstmoddate"":""2021-08-04T00:00:00.000"",""doitt_id"":""1285651"",""shape_len"":""0.0""}}",-74.0106165430187,40.7232976281742
1002240001,"{""type"":""Feature"",""geometry"":{""type"":""MultiPolygon"",""coordinates"":[[[[-74.01073402285837,40.7239613544237],[-74.01062219197405,40.723951626688006],[-74.01060797255518,40.724046242703885],[-74.01055185049825,40.724041360797216],[-74.01054168659509,40.724108989971484],[-74.01038885348349,40.724095695236976],[-74.0103449432264,40.72409187562837],[-74.0103568206533,40.72401284046716],[-74.01036263123609,40.724013346030524],[-74.01042092882135,40.72401841693951],[-74.01046841193674,40.723702466257556],[-74.01041929267443,40.72369819329395],[-74.01043155777207,40.72361657992761],[-74.01043180725996,40.72361492296791],[-74.01062737979372,40.72363193461364],[-74.01062681816195,40.72363566907747],[-74.01062006320961,40.72368061682056],[-74.01066731111518,40.723684726879746],[-74.0106350734762,40.72389924107481],[-74.0106304692649,40.72392987952626],[-74.0107366256554,40.72393911340362],[-74.01073876807715,40.72393929960923],[-74.01074848363463,40.723874646640894],[-74.0107486361612,40.72387363535477],[-74.01089917253928,40.723886729916494],[-74.01090473691431,40.72388721386359],[-74.01090841639673,40.72386272686735],[-74.01090868124386,40.72386096544617],[-74.01098756964342,40.72386782702954],[-74.0109898020216,40.7238680213265],[-74.0110028917259,40.723780920118955],[-74.01100225610267,40.72378086524864],[-74.01090321488185,40.72377225049279],[-74.01091944026767,40.72366428239557],[-74.01118021941498,40.72368696551116],[-74.01117980442174,40.72368972831395],[-74.01115713224992,40.723840605438305],[-74.01115639566297,40.72384550878261],[-74.0111494873442,40.72389147864837],[-74.01114714015,40.72389127446004],[-74.01113887111399,40.72389055575342],[-74.01113667908102,40.72390514151384],[-74.01113397746421,40.723923118641316],[-74.01110710604416,40.72392078081312],[-74.0110945012632,40.72391968430758],[-74.01107762344992,40.72403199744562],[-74.01108816749853,40.72403291404959],[-74.01111070203024,40.7240348740869],[-74.01109122898626,40.72416445113788],[-74.01109112730511,40.72416512652958],[-74.01109059939147,40.72416508065444],[-74.01090950610038,40.72414932823801],[-74.01090991046625,40.72414663477665],[-74.01092025963047,40.724077765551364],[-74.01071915801856,40.724060272245964],[-74.01073402285837,40.7239613544237]]]]},""properties"":{""name"":null,""base_bbl"":""1002240001"",""shape_area"":""0.0"",""heightroof"":""146.00002726"",""mpluto_bbl"":""1002240001"",""cnstrct_yr"":""2007"",""lststatype"":""Constructed"",""feat_code"":""2100"",""groundelev"":""9"",""geomsource"":""Photogramm"",""bin"":""1087707"",""lstmoddate"":""2017-08-22T00:00:00.000"",""doitt_id"":""1107625"",""shape_len"":""0.0""}}",-74.01094794188,40.7238900076458
1002260001,"{""type"":""Feature"",""geometry"":{""type"":""MultiPolygon"",""coordinates"":[[[[-74.00644825793485,40.72287239563606],[-74.00648112744811,40.72286336978608],[-74.00648986556288,40.7228696530483],[-74.00652428181934,40.72289439980232],[-74.00657219591956,40.722928851466285],[-74.00660961885734,40.72295576014592],[-74.00710734621121,40.72331363973668],[-74.00741434184437,40.72353437573112],[-74.00748263597443,40.72358347968675],[-74.00746104789935,40.723712609615944],[-74.00744501203674,40.723808525697],[-74.00744073431737,40.72380811173929],[-74.00731580220835,40.72379602230369],[-74.00682389815321,40.72374842187147],[-74.00632094662598,40.72369974923892],[-74.0063091811607,40.72369861074],[-74.00630921901582,40.7236983856106],[-74.00643889561111,40.72292277785831],[-74.00644727437039,40.72287266584397],[-74.00644825793485,40.72287239563606]]]]},""properties"":{""name"":null,""base_bbl"":""1002260001"",""shape_area"":""0.0"",""heightroof"":""245.44"",""mpluto_bbl"":""1002260001"",""cnstrct_yr"":""1930"",""lststatype"":""Constructed"",""feat_code"":""2100"",""groundelev"":""11"",""geomsource"":""Photogramm"",""bin"":""1002934"",""lstmoddate"":""2017-08-22T00:00:00.000"",""doitt_id"":""475180"",""shape_len"":""0.0""}}",-74.0068958901839,40.7234584836031
1002300009,"{""type"":""Feature"",""geometry"":{""type"":""MultiPolygon"",""coordinates"":[[[[-74.00263698909225,40.72054864432921],[-74.00269005127275,40.720486276504246],[-74.0027037680607,40.72049301829877],[-74.00275351259712,40.7205174668576],[-74.00276080777209,40.72053593343442],[-74.00276356202215,40.720537287734885],[-74.0028244017408,40.72056718948254],[-74.00299426990055,40.72036711985847],[-74.00310456648961,40.72044555493159],[-74.0031061821296,40.72044670393836],[-74.00310330500484,40.72045009173328],[-74.00290696747763,40.7206813360301],[-74.00263698909225,40.72054864432921]]]]},""properties"":{""name"":null,""base_bbl"":""1002300009"",""shape_area"":""0.0"",""heightroof"":""86.26"",""mpluto_bbl"":""1002300009"",""cnstrct_yr"":""1884"",""lststatype"":""Constructed"",""feat_code"":""2100"",""groundelev"":""10"",""geomsource"":""Photogramm"",""bin"":""1002986"",""lstmoddate"":""2020-01-28T00:00:00.000"",""doitt_id"":""70368"",""shape_len"":""0.0""}}",-74.0028715896728,40.7205877828606
1002300042,"{""type"":""Feature"",""geometry"":{""type"":""MultiPolygon"",""coordinates"":[[[[-74.00250849992727,40.72056071763177],[-74.00224746491493,40.720432420207835],[-74.00234551568174,40.720316939592834],[-74.00248824354355,40.720387089902644],[-74.00254804971743,40.72041648393179],[-74.0026161163068,40.720449938140455],[-74.00263821417262,40.7204607995838],[-74.00254016370134,40.720576280445876],[-74.00250849992727,40.72056071763177]]]]},""properties"":{""name"":null,""base_bbl"":""1002300042"",""shape_area"":""0.0"",""heightroof"":""76.76"",""mpluto_bbl"":""1002300042"",""cnstrct_yr"":""1861"",""lststatype"":""Constructed"",""feat_code"":""2100"",""groundelev"":""12"",""geomsource"":""Photogramm"",""bin"":""1003003"",""lstmoddate"":""2020-01-28T00:00:00.000"",""doitt_id"":""268881"",""shape_len"":""0.0""}}",-74.0024428400184,40.7204466100616
1002310014,"{""type"":""Feature"",""geometry"":{""type"":""MultiPolygon"",""coordinates"":[[[[-74.00178930848041,40.72021592410009],[-74.0016605534174,40.720367243174124],[-74.00164604435113,40.72038429543367],[-74.00135227363377,40.720239596357935],[-74.00149553701058,40.72007122628721],[-74.00178930848041,40.72021592410009]]]]},""properties"":{""name"":null,""base_bbl"":""1002310014"",""shape_area"":""0.0"",""heightroof"":""116.0"",""mpluto_bbl"":""1002310014"",""cnstrct_yr"":""2012"",""lststatype"":""Constructed"",""feat_code"":""2100"",""groundelev"":""10"",""geomsource"":""Other (Man"",""bin"":""1090587"",""lstmoddate"":""2019-02-28T00:00:00.000"",""doitt_id"":""1257099"",""shape_len"":""0.0""}}",-74.0015707906812,40.7202277608867
1002310036,"{""type"":""Feature"",""geometry"":{""type"":""MultiPolygon"",""coordinates"":[[[[-74.00109967835769,40.720525835052726],[-74.00115177499339,40.7204646088915],[-74.00155693451548,40.72066417327358],[-74.00175777115065,40.72076309586838],[-74.00170567483832,40.720824321400805],[-74.00163071030006,40.7207873979904],[-74.00109967835769,40.720525835052726]]]]},""properties"":{""name"":null,""base_bbl"":""1002310036"",""shape_area"":""0.0"",""heightroof"":""70.81"",""mpluto_bbl"":""1002310036"",""cnstrct_yr"":""1856"",""lststatype"":""Constructed"",""feat_code"":""2100"",""groundelev"":""14"",""geomsource"":""Photogramm"",""bin"":""1003021"",""lstmoddate"":""2020-01-28T00:00:00.000"",""doitt_id"":""300722"",""shape_len"":""0.0""}}",-74.0014287234141,40.7206444654814
1002330004,"{""type"":""Feature"",""geometry"":{""type"":""MultiPolygon"",""coordinates"":[[[[-73.99990708988682,40.71983115286591],[-74.00016834883806,40.71996058124323],[-74.00011835844656,40.720018995570086],[-74.0000279773668,40.720124606506005],[-74.00002222874976,40.72013132340915],[-74.00001926389596,40.720129854678355],[-73.9997609694129,40.72000189560373],[-73.99978544932257,40.71997329006014],[-73.99990708988682,40.71983115286591]]]]},""properties"":{""name"":null,""base_bbl"":""1002330004"",""shape_area"":""0.0"",""heightroof"":""82.83436581"",""mpluto_bbl"":""1002330004"",""cnstrct_yr"":""1901"",""lststatype"":""Constructed"",""feat_code"":""2100"",""groundelev"":""19"",""geomsource"":""Photogramm"",""bin"":""1003041"",""lstmoddate"":""2020-01-28T00:00:00.000"",""doitt_id"":""336310"",""shape_len"":""0.0""}}",-73.9999646593388,40.7199812381535